link_pj_per_bit,cxl_pj_per_bit,is_cited,layer,strategy,hit_rate_pct,energy_per_token_mj,saving_vs_worst_pct,energy_rank
0.0,9.08016357421875,False,Layer 15,Static (oracle),55.52215111682151,27.874770667436295,0.8059822982064636,3
0.0,9.08016357421875,False,Layer 15,Static (profiled on first 20k),54.98270409171773,28.101261863629794,0.0,4
0.0,9.08016357421875,False,Layer 15,LRU,59.51793832773276,26.19710709155532,6.776047215655237,1
0.0,9.08016357421875,False,Layer 15,Periodic (every 100),58.486731567503455,26.630067589580538,5.235331712820191,2
0.0,9.08016357421875,False,Layer 31,Static (oracle),56.21540818343546,27.583701081397187,0.44667488338142464,3
0.0,9.08016357421875,False,Layer 31,Static (profiled on first 20k),55.9206364894248,27.707463361053122,0.0,4
0.0,9.08016357421875,False,Layer 31,LRU,56.256485965605854,27.56645424234203,0.5089210689322854,2
0.0,9.08016357421875,False,Layer 31,Periodic (every 100),58.467829610594976,26.63800372905554,3.859825123872086,1
2.0,11.08016357421875,False,Layer 15,Static (oracle),55.52215111682151,32.88933195911544,0.8660008865925236,3
2.0,11.08016357421875,False,Layer 15,Static (profiled on first 20k),54.98270409171773,33.176641972741,0.0,4
2.0,11.08016357421875,False,Layer 15,LRU,59.51793832773276,30.761171779177698,7.280634958619178,1
2.0,11.08016357421875,False,Layer 15,Periodic (every 100),58.486731567503455,31.31039350910613,5.625187941468704,2
2.0,11.08016357421875,False,Layer 31,Static (oracle),56.21540818343546,32.5201025668196,0.48044563666491436,3
2.0,11.08016357421875,False,Layer 31,Static (profiled on first 20k),55.9206364894248,32.67709825959654,0.0,4
2.0,11.08016357421875,False,Layer 31,LRU,56.256485965605854,32.49822449982533,0.5473979309612749,2
2.0,11.08016357421875,False,Layer 31,Periodic (every 100),58.467829610594976,31.320460709858388,4.151646327224721,1
4.0,13.08016357421875,False,Layer 15,Static (oracle),55.52215111682151,37.90389325079458,0.9100926228492993,3
4.0,13.08016357421875,False,Layer 15,Static (profiled on first 20k),54.98270409171773,38.2520220818522,0.0,4
4.0,13.08016357421875,False,Layer 15,LRU,59.51793832773276,35.32523646680007,7.651322611885345,1
4.0,13.08016357421875,False,Layer 15,Periodic (every 100),58.486731567503455,35.99071942863173,5.9115898458432055,2
4.0,13.08016357421875,False,Layer 31,Static (oracle),56.21540818343546,37.45650405224201,0.5053004336362302,3
4.0,13.08016357421875,False,Layer 31,Static (profiled on first 20k),55.9206364894248,37.646733158139966,0.0,4
4.0,13.08016357421875,False,Layer 31,LRU,56.256485965605854,37.42999475730862,0.5757163574350757,2
4.0,13.08016357421875,False,Layer 31,Periodic (every 100),58.467829610594976,36.002917690661235,4.366422607171974,1
6.0,15.08016357421875,False,Layer 15,Static (oracle),55.52215111682151,42.918454542473725,0.9438545304130387,3
6.0,15.08016357421875,False,Layer 15,Static (profiled on first 20k),54.98270409171773,43.32740219096341,0.0,4
6.0,15.08016357421875,False,Layer 15,LRU,59.51793832773276,39.88930115442245,7.935165421152418,1
6.0,15.08016357421875,False,Layer 15,Periodic (every 100),58.486731567503455,40.67104534815733,6.130893403436283,2
6.0,15.08016357421875,False,Layer 31,Static (oracle),56.21540818343546,42.39290553766443,0.5243584312997811,3
6.0,15.08016357421875,False,Layer 31,Static (profiled on first 20k),55.9206364894248,42.6163680566834,0.0,4
6.0,15.08016357421875,False,Layer 31,LRU,56.256485965605854,42.361765014791914,0.597430174136007,2
6.0,15.08016357421875,False,Layer 31,Periodic (every 100),58.467829610594976,40.685374671464075,4.531107349765091,1
8.0,17.08016357421875,False,Layer 15,Static (oracle),55.52215111682151,47.93301583415287,0.97053607994974,3
8.0,17.08016357421875,False,Layer 15,Static (profiled on first 20k),54.98270409171773,48.40278230007462,0.0,4
8.0,17.08016357421875,False,Layer 15,LRU,59.51793832773276,44.45336584204483,8.159482307329467,1
8.0,17.08016357421875,False,Layer 15,Periodic (every 100),58.486731567503455,45.35137126768293,6.30420584807371,2
8.0,17.08016357421875,False,Layer 31,Static (oracle),56.21540818343546,47.329307023086855,0.539435792456643,3
8.0,17.08016357421875,False,Layer 31,Static (profiled on first 20k),55.9206364894248,47.586002955226824,0.0,4
8.0,17.08016357421875,False,Layer 31,LRU,56.256485965605854,47.29353527227522,0.6146086344482071,2
8.0,17.08016357421875,False,Layer 31,Periodic (every 100),58.467829610594976,45.36783165226693,4.661394454682293,1
10.0,19.08016357421875,False,Layer 15,Static (oracle),55.52215111682151,52.94757712583202,0.9921531695387459,3
10.0,19.08016357421875,False,Layer 15,Static (profiled on first 20k),54.98270409171773,53.478162409185835,0.0,4
10.0,19.08016357421875,False,Layer 15,LRU,59.51793832773276,49.01743052966721,8.341221310836243,1
10.0,19.08016357421875,False,Layer 15,Periodic (every 100),58.486731567503455,50.03169718720853,6.4446216300530805,2
10.0,19.08016357421875,False,Layer 31,Static (oracle),56.21540818343546,52.26570850850927,0.5516617381139456,3
10.0,19.08016357421875,False,Layer 31,Static (profiled on first 20k),55.9206364894248,52.55563785377025,0.0,4
10.0,19.08016357421875,False,Layer 31,LRU,56.256485965605854,52.225305529758515,0.628538321484833,2
10.0,19.08016357421875,False,Layer 31,Periodic (every 100),58.467829610594976,50.050288633069776,4.7670417923026775,1
11.4,20.48016357421875,True,Layer 15,Static (oracle),55.52215111682151,56.45777003000742,1.0049958343240808,3
11.4,20.48016357421875,True,Layer 15,Static (profiled on first 20k),54.98270409171773,57.03092848556368,0.0,4
11.4,20.48016357421875,True,Layer 15,LRU,59.51793832773276,52.21227581100286,8.449192048101704,1
11.4,20.48016357421875,True,Layer 15,Periodic (every 100),58.486731567503455,53.307925330876444,6.5280423334325395,2
11.4,20.48016357421875,True,Layer 31,Static (oracle),56.21540818343546,55.72118954830496,0.55892957446253,3
11.4,20.48016357421875,True,Layer 31,Static (profiled on first 20k),55.9206364894248,56.03438228275065,0.0,4
11.4,20.48016357421875,True,Layer 31,LRU,56.256485965605854,55.67754470999682,0.6368189640303619,2
11.4,20.48016357421875,True,Layer 31,Periodic (every 100),58.467829610594976,53.328008519631766,4.8298449146141476,1
12.0,21.08016357421875,False,Layer 15,Static (oracle),55.52215111682151,57.96213841751116,1.01002275071756,3
12.0,21.08016357421875,False,Layer 15,Static (profiled on first 20k),54.98270409171773,58.55354251829704,0.0,4
12.0,21.08016357421875,False,Layer 15,LRU,59.51793832773276,53.58149521728958,8.491454294936602,1
12.0,21.08016357421875,False,Layer 15,Periodic (every 100),58.486731567503455,54.71202310673412,6.5606951285014175,2
12.0,21.08016357421875,False,Layer 31,Static (oracle),56.21540818343546,57.202109993931685,0.5617752735800672,3
12.0,21.08016357421875,False,Layer 31,Static (profiled on first 20k),55.9206364894248,57.525272752313676,0.0,4
12.0,21.08016357421875,False,Layer 31,LRU,56.256485965605854,57.157075787241816,0.6400612243199681,2
12.0,21.08016357421875,False,Layer 31,Periodic (every 100),58.467829610594976,54.732745613872616,4.854435285278579,1
14.0,23.08016357421875,False,Layer 15,Static (oracle),55.52215111682151,62.97669970919031,1.0250415868852045,3
14.0,23.08016357421875,False,Layer 15,Static (profiled on first 20k),54.98270409171773,63.62892262740825,0.0,4
14.0,23.08016357421875,False,Layer 15,LRU,59.51793832773276,58.145559904911956,8.617720520910295,1
14.0,23.08016357421875,False,Layer 15,Periodic (every 100),58.486731567503455,59.39234902625973,6.658251352072416,2
14.0,23.08016357421875,False,Layer 31,Static (oracle),56.21540818343546,62.1385114793541,0.5702803394703673,3
14.0,23.08016357421875,False,Layer 31,Static (profiled on first 20k),55.9206364894248,62.4949076508571,0.0,4
14.0,23.08016357421875,False,Layer 31,LRU,56.256485965605854,62.088846044725116,0.6497515099958961,2
14.0,23.08016357421875,False,Layer 31,Periodic (every 100),58.467829610594976,59.41520259467547,4.927929605700271,1
