num_experts_in_hbm,hbm_budget_gb,static_hit_rate_pct,static_avg_time_ns,random_hit_rate_pct,random_avg_time_ns_mean,random_avg_time_ns_std,smart_advantage_pct,lru_hit_rate_pct,lru_avg_time_ns
0,0.0,0.0,5127113.125,0.0,5127113.125,0.0,0.0,0.0,5127113.125
1,0.352321536,15.142,4412880.7182951,12.413249999999998,4541593.020487414,67459.5200624067,2.834078298334621,5.08,4887494.803374611
2,0.704643072,29.471999999999998,3736949.5078816,24.8174,3956502.1535194702,82484.64725996226,5.549160271341424,25.893,3905767.2191237085
3,1.056964608,42.34,3129979.3183770003,37.95020000000001,3337041.62315531,92556.45585897502,6.204966199448349,38.457,3313136.393747407
4,1.409286144,54.925999999999995,2536310.7758603,49.6355,2785858.1637662747,118885.79817233459,8.95764871132582,50.857,2728241.277965278
5,1.76160768,67.049,1964481.46226345,62.4185,2182897.3359424253,105149.24463955281,10.00577856240217,63.422,2135563.2836284037
6,2.113929216,78.354,1431236.3587237,74.6268,1607044.5099765398,78522.11361554037,10.939843306232149,75.815,1550998.3505749523
7,2.466250752,89.442,908226.9197101,87.14155,1016736.7559275273,75838.7689313355,10.672362888901187,88.078,972565.3824450586
8,2.818572288,100.0,410217.03,100.0,410217.0300000001,5.820766091346741e-11,1.4189479386915604e-14,100.0,410217.03
